username,email,password
student001,student001@gmail.com,student001
student002,student002@gmail.com,student002
student003,student003@gmail.com,student003
student004,student004@gmail.com,student004
student005,student005@gmail.com,student005
student006,student006@gmail.com,student006
student007,student007@gmail.com,student007
student008,student008@gmail.com,student008
student009,student009@gmail.com,student009
student010,student010@gmail.com,student010
student011,student011@gmail.com,student011
student012,student012@gmail.com,student012
student013,student013@gmail.com,student013
student014,student014@gmail.com,student014
student015,student015@gmail.com,student015
student016,student016@gmail.com,student016
student017,student017@gmail.com,student017
student018,student018@gmail.com,student018
student019,student019@gmail.com,student019
student020,student020@gmail.com,student020
student021,student021@gmail.com,student021
student022,student022@gmail.com,student022
student023,student023@gmail.com,student023
student024,student024@gmail.com,student024
student025,student025@gmail.com,student025
student026,student026@gmail.com,student026
student027,student027@gmail.com,student027
student028,student028@gmail.com,student028
student029,student029@gmail.com,student029
student030,student030@gmail.com,student030
student031,student031@gmail.com,student031
student032,student032@gmail.com,student032
student033,student033@gmail.com,student033
student034,student034@gmail.com,student034
student035,student035@gmail.com,student035
student036,student036@gmail.com,student036
student037,student037@gmail.com,student037
student038,student038@gmail.com,student038
student039,student039@gmail.com,student039
student040,student040@gmail.com,student040
student041,student041@gmail.com,student041
student042,student042@gmail.com,student042
student043,student043@gmail.com,student043
student044,student044@gmail.com,student044
student045,student045@gmail.com,student045
student046,student046@gmail.com,student046
student047,student047@gmail.com,student047
student048,student048@gmail.com,student048
student049,student049@gmail.com,student049
student050,student050@gmail.com,student050
student051,student051@gmail.com,student051
student052,student052@gmail.com,student052
student053,student053@gmail.com,student053
student054,student054@gmail.com,student054
student055,student055@gmail.com,student055
student056,student056@gmail.com,student056
student057,student057@gmail.com,student057
student058,student058@gmail.com,student058
student059,student059@gmail.com,student059
student060,student060@gmail.com,student060
student061,student061@gmail.com,student061
student062,student062@gmail.com,student062
student063,student063@gmail.com,student063
student064,student064@gmail.com,student064
student065,student065@gmail.com,student065
student066,student066@gmail.com,student066
student067,student067@gmail.com,student067
student068,student068@gmail.com,student068
student069,student069@gmail.com,student069
student070,student070@gmail.com,student070
student071,student071@gmail.com,student071
student072,student072@gmail.com,student072
student073,student073@gmail.com,student073
student074,student074@gmail.com,student074
student075,student075@gmail.com,student075
student076,student076@gmail.com,student076
student077,student077@gmail.com,student077
student078,student078@gmail.com,student078
student079,student079@gmail.com,student079
student080,student080@gmail.com,student080
student081,student081@gmail.com,student081
student082,student082@gmail.com,student082
student083,student083@gmail.com,student083
student084,student084@gmail.com,student084
student085,student085@gmail.com,student085
student086,student086@gmail.com,student086
student087,student087@gmail.com,student087
student088,student088@gmail.com,student088
student089,student089@gmail.com,student089
student090,student090@gmail.com,student090
student091,student091@gmail.com,student091
student092,student092@gmail.com,student092
student093,student093@gmail.com,student093
student094,student094@gmail.com,student094
student095,student095@gmail.com,student095
student096,student096@gmail.com,student096
student097,student097@gmail.com,student097
student098,student098@gmail.com,student098
student099,student099@gmail.com,student099
student100,student100@gmail.com,student100
